acronym,id,parent_structure_id
root,997,
grey,8,997
CH,567,8
CTX,688,567
CTXpl,695,688
Isocortex,315,695
FRP,184,315
FRP1,68,184
FRP2/3,667,184
FRP5,526157192,184
FRP6a,526157196,184
FRP6b,526322264,184
MO,500,315
MO1,107,500
MO2/3,219,500
MO5,299,500
MO6a,644,500
MO6b,947,500
MOp,985,500
MOp1,320,985
MOp2/3,943,985
MOp5,648,985
MOp6a,844,985
MOp6b,882,985
MOs,993,500
MOs1,656,993
MOs2/3,962,993
MOs5,767,993
MOs6a,1021,993
MOs6b,1085,993
SS,453,315
SS1,12993,453
SS2/3,12994,453
SS4,12995,453
SS5,12996,453
SS6a,12997,453
SS6b,12998,453
SSp,322,453
SSp1,793,322
SSp2/3,346,322
SSp4,865,322
SSp5,921,322
SSp6a,686,322
SSp6b,719,322
SSp-n,353,322
SSp-n1,558,353
SSp-n2/3,838,353
SSp-n4,654,353
SSp-n5,702,353
SSp-n6a,889,353
SSp-n6b,929,353
SSp-bfd,329,322
SSp-bfd1,981,329
SSp-bfd2/3,201,329
SSp-bfd4,1047,329
SSp-bfd5,1070,329
SSp-bfd6a,1038,329
SSp-bfd6b,1062,329
SSp-bfd-VISrll,480149202,329
SSp-bfd-VISrll1,480149206,480149202
SSp-bfd-VISrll2/3,480149210,480149202
SSp-bfd-VISrll4,480149214,480149202
SSp-bfd-VISrll5,480149218,480149202
SSp-bfd-VISrll6a,480149222,480149202
SSp-bfd-VISrll6b,480149226,480149202
SSp-ll,337,322
SSp-ll1,1030,337
SSp-ll2/3,113,337
SSp-ll4,1094,337
SSp-ll5,1128,337
SSp-ll6a,478,337
SSp-ll6b,510,337
SSp-m,345,322
SSp-m1,878,345
SSp-m2/3,657,345
SSp-m4,950,345
SSp-m5,974,345
SSp-m6a,1102,345
SSp-m6b,2,345
SSp-ul,369,322
SSp-ul1,450,369
SSp-ul2/3,854,369
SSp-ul4,577,369
SSp-ul5,625,369
SSp-ul6a,945,369
SSp-ul6b,1026,369
SSp-tr,361,322
SSp-tr1,1006,361
SSp-tr2/3,670,361
SSp-tr4,1086,361
SSp-tr5,1111,361
SSp-tr6a,9,361
SSp-tr6b,461,361
SSp-un,182305712,322
SSp-un1,182305712,182305712
SSp-un2/3,182305712,182305712
SSp-un4,182305712,182305712
SSp-un5,182305712,182305712
SSp-un6a,182305712,182305712
SSp-un6b,182305712,182305712
SSs,378,453
SSs1,873,378
SSs2/3,806,378
SSs4,1035,378
SSs5,1090,378
SSs6a,862,378
SSs6b,893,378
GU,1057,315
GU1,36,1057
GU2/3,180,1057
GU4,148,1057
GU5,187,1057
GU6a,638,1057
GU6b,662,1057
VISC,677,315
VISC1,897,677
VISC2/3,1106,677
VISC4,1010,677
VISC5,1058,677
VISC6a,857,677
VISC6b,849,677
AUD,247,315
AUDd,1011,247
AUDd1,527,1011
AUDd2/3,600,1011
AUDd4,678,1011
AUDd5,252,1011
AUDd6a,156,1011
AUDd6b,243,1011
VISlla,480149230,1011
VISlla1,480149234,480149230
VISlla2/3,480149238,480149230
VISlla4,480149242,480149230
VISlla5,480149246,480149230
VISlla6a,480149250,480149230
VISlla6b,480149254,480149230
AUDp,1002,247
AUDp1,735,1002
AUDp2/3,251,1002
AUDp4,816,1002
AUDp5,847,1002
AUDp6a,954,1002
AUDp6b,1005,1002
AUDpo,1027,247
AUDpo1,696,1027
AUDpo2/3,643,1027
AUDpo4,759,1027
AUDpo5,791,1027
AUDpo6a,249,1027
AUDpo6b,456,1027
AUDv,1018,247
AUDv1,959,1018
AUDv2/3,755,1018
AUDv4,990,1018
AUDv5,1023,1018
AUDv6a,520,1018
AUDv6b,598,1018
VIS,669,315
VIS1,801,669
VIS2/3,561,669
VIS4,913,669
VIS5,937,669
VIS6a,457,669
VIS6b,497,669
VISal,402,669
VISal1,1074,402
VISal2/3,905,402
VISal4,1114,402
VISal5,233,402
VISal6a,601,402
VISal6b,649,402
VISam,394,669
VISam1,281,394
VISam2/3,1066,394
VISam4,401,394
VISam5,433,394
VISam6a,1046,394
VISam6b,441,394
VISl,409,669
VISl1,421,409
VISl2/3,973,409
VISl4,573,409
VISl5,613,409
VISl6a,74,409
VISl6b,121,409
VISp,385,669
VISp1,593,385
VISp2/3,821,385
VISp4,721,385
VISp5,778,385
VISp6a,33,385
VISp6b,305,385
VISpl,425,669
VISpl1,750,425
VISpl2/3,269,425
VISpl4,869,425
VISpl5,902,425
VISpl6a,377,425
VISpl6b,393,425
VISpm,533,669
VISpm1,805,533
VISpm2/3,41,533
VISpm4,501,533
VISpm5,565,533
VISpm6a,257,533
VISpm6b,469,533
VISli,312782574,669
VISli1,312782578,312782574
VISli2/3,312782582,312782574
VISli4,312782586,312782574
VISli5,312782590,312782574
VISli6a,312782594,312782574
VISli6b,312782598,312782574
VISpor,312782628,669
VISpor1,312782632,312782628
VISpor2/3,312782636,312782628
VISpor4,312782640,312782628
VISpor5,312782644,312782628
VISpor6a,312782648,312782628
VISpor6b,312782652,312782628
ACA,31,315
ACA1,572,31
ACA2/3,1053,31
ACA5,739,31
ACA6a,179,31
ACA6b,227,31
ACAd,39,31
ACAd1,935,39
ACAd2/3,211,39
ACAd5,1015,39
ACAd6a,919,39
ACAd6b,927,39
ACAv,48,31
ACAv1,588,48
ACAv2/3,296,48
ACAv5,772,48
ACAv6a,810,48
ACAv6b,819,48
PL,972,315
PL1,171,972
PL2,195,972
PL2/3,304,972
PL5,363,972
PL6a,84,972
PL6b,132,972
ILA,44,315
ILA1,707,44
ILA2,747,44
ILA2/3,556,44
ILA5,827,44
ILA6a,1054,44
ILA6b,1081,44
ORB,714,315
ORB1,264,714
ORB2/3,492,714
ORB5,352,714
ORB6a,476,714
ORB6b,516,714
ORBl,723,714
ORBl1,448,723
ORBl2/3,412,723
ORBl5,630,723
ORBl6a,440,723
ORBl6b,488,723
ORBm,731,714
ORBm1,484,731
ORBm2,524,731
ORBm2/3,582,731
ORBm5,620,731
ORBm6a,910,731
ORBm6b,527696977,731
ORBv,738,714
ORBvl,746,714
ORBvl1,969,746
ORBvl2/3,288,746
ORBvl5,1125,746
ORBvl6a,608,746
ORBvl6b,680,746
AI,95,315
AId,104,95
AId1,996,104
AId2/3,328,104
AId5,1101,104
AId6a,783,104
AId6b,831,104
AIp,111,95
AIp1,120,111
AIp2/3,163,111
AIp5,344,111
AIp6a,314,111
AIp6b,355,111
AIv,119,95
AIv1,704,119
AIv2/3,694,119
AIv5,800,119
AIv6a,675,119
AIv6b,699,119
RSP,254,315
RSPagl,894,254
RSPagl1,671,894
RSPagl2/3,965,894
RSPagl5,774,894
RSPagl6a,906,894
RSPagl6b,279,894
VISmma,480149258,894
VISmma1,480149262,480149258
VISmma2/3,480149266,480149258
VISmma4,480149270,480149258
VISmma5,480149274,480149258
VISmma6a,480149278,480149258
VISmma6b,480149282,480149258
VISmmp,480149286,894
VISmmp1,480149290,480149286
VISmmp2/3,480149294,480149286
VISmmp4,480149298,480149286
VISmmp5,480149302,480149286
VISmmp6a,480149306,480149286
VISmmp6b,480149310,480149286
VISm,480149314,894
VISm1,480149318,480149314
VISm2/3,480149322,480149314
VISm4,480149326,480149314
VISm5,480149330,480149314
VISm6a,480149334,480149314
VISm6b,480149338,480149314
RSPd,879,254
RSPd1,442,879
RSPd2/3,434,879
RSPd4,545,879
RSPd5,610,879
RSPd6a,274,879
RSPd6b,330,879
RSPv,886,254
RSPv1,542,886
RSPv2,606,886
RSPv2/3,430,886
RSPv5,687,886
RSPv6a,590,886
RSPv6b,622,886
PTLp,22,315
PTLp1,532,22
PTLp2/3,241,22
PTLp4,635,22
PTLp5,683,22
PTLp6a,308,22
PTLp6b,340,22
VISa,312782546,22
VISa1,312782550,312782546
VISa2/3,312782554,312782546
VISa4,312782558,312782546
VISa5,312782562,312782546
VISa6a,312782566,312782546
VISa6b,312782570,312782546
VISrl,417,22
VISrl1,312782604,417
VISrl2/3,312782608,417
VISrl4,312782612,417
VISrl5,312782616,417
VISrl6a,312782620,417
VISrl6b,312782624,417
TEa,541,315
TEa1,97,541
TEa2/3,1127,541
TEa4,234,541
TEa5,289,541
TEa6a,729,541
TEa6b,786,541
PERI,922,315
PERI6a,335,922
PERI6b,368,922
PERI1,540,922
PERI5,692,922
PERI2/3,888,922
ECT,895,315
ECT1,836,895
ECT2/3,427,895
ECT5,988,895
ECT6a,977,895
ECT6b,1045,895
OLF,698,695
MOB,507,698
MOBgl,212,507
MOBgr,220,507
MOBipl,228,507
MOBmi,236,507
MOBopl,244,507
AOB,151,698
AOBgl,188,151
AOBgr,196,151
AOBmi,204,151
AON,159,698
AONd,167,159
AONe,175,159
AONl,183,159
AONm,191,159
AONpv,199,159
AON1,160,159
AON2,168,159
TT,589,698
TTd,597,589
TTd1-4,297,597
TTd1,1034,597
TTd2,1042,597
TTd3,1050,597
TTd4,1059,597
TTv,605,589
TTv1-3,306,605
TTv1,1067,605
TTv2,1075,605
TTv3,1082,605
DP0,814,698
DP01,496,814
DP02,535,814
DP02/3,360,814
DP05,646,814
DP06a,267,814
PIR,961,698
PIR1-3,152,961
PIR1,276,961
PIR2,284,961
PIR3,291,961
NLOT,619,698
NLOT1-3,392,619
NLOT1,260,619
NLOT2,268,619
NLOT3,1139,619
COA,631,698
COAa,639,631
COAa1,192,639
COAa2,200,639
COAa3,208,639
COAp,647,631
COApl,655,647
COApl1-2,584,655
COApl1-3,376,655
COApl1,216,655
COApl2,224,655
COApl3,232,655
COApm,663,647
COApm1-2,592,663
COApm1-3,383,663
COApm1,240,663
COApm2,248,663
COApm3,256,663
PAA,788,698
PAA1-3,400,788
PAA1,408,788
PAA2,416,788
PAA3,424,788
TR,566,698
TR1-3,517,566
TR1,1140,566
TR2,1141,566
TR3,1142,566
HPF,1089,695
HIP,1080,1089
CA,375,1080
CA1,382,375
CA1slm,391,382
CA1so,399,382
CA1sp,407,382
CA1sr,415,382
CA2,423,375
CA2slm,431,423
CA2so,438,423
CA2sp,446,423
CA2sr,454,423
CA3,463,375
CA3slm,471,463
CA3slu,479,463
CA3so,486,463
CA3sp,495,463
CA3sr,504,463
DG,726,1080
DG-mo,10703,726
DG-po,10704,726
DG-sg,632,726
DG-sgz,10702,726
DGcr,734,726
DGcr-mo,742,734
DGcr-po,751,734
DGcr-sg,758,734
DGlb,766,726
DGlb-mo,775,766
DGlb-po,782,766
DGlb-sg,790,766
DGmb,799,726
DGmb-mo,807,799
DGmb-po,815,799
DGmb-sg,823,799
FC,982,1080
IG,19,1080
RHP,822,1089
ENT,909,822
ENTl,918,909
ENTl1,1121,918
ENTl2,20,918
ENTl2/3,999,918
ENTl2a,715,918
ENTl2b,764,918
ENTl3,52,918
ENTl4,92,918
ENTl4/5,312,918
ENTl5,139,918
ENTl5/6,387,918
ENTl6a,28,918
ENTl6b,60,918
ENTm,926,909
ENTm1,526,926
ENTm2,543,926
ENTm2a,468,926
ENTm2b,508,926
ENTm3,664,926
ENTm4,712,926
ENTm5,727,926
ENTm5/6,550,926
ENTm6,743,926
ENTmv,934,909
ENTmv1,259,934
ENTmv2,324,934
ENTmv3,371,934
ENTmv4,419,934
ENTmv5/6,1133,934
PAR,843,822
PAR1,10693,843
PAR2,10694,843
PAR3,10695,843
POST,1037,822
POST1,10696,1037
POST2,10697,1037
POST3,10698,1037
PRE,1084,822
PRE1,10699,1084
PRE2,10700,1084
PRE3,10701,1084
SUB,502,822
SUBd,509,502
SUBd-m,829,509
SUBd-sp,845,509
SUBd-sr,837,509
SUBv,518,502
SUBv-m,853,518
SUBv-sp,870,518
SUBv-sr,861,518
ProS,484682470,822
ProSd,484682475,484682470
ProSd-m,484682479,484682475
ProSd-sp,484682483,484682475
ProSd-sr,484682487,484682475
ProSv,484682492,484682470
ProSv-m,484682496,484682492
ProSv-sp,484682500,484682492
Prosv-sr,484682504,484682492
APr,484682508,822
CTXsp,703,688
6b,16,703
CLAu,583,703
EP,942,703
EPd,952,942
EPv,966,942
LA0,131,703
BLA,295,703
BLAa,303,295
BLAp,311,295
BLAv,451,295
BMA,319,703
BMAa,327,319
BMAp,334,319
PA,780,703
CNU,623,567
STR,477,623
STRd,485,477
CP,672,485
STRv,493,477
ACB,56,493
FS,998,493
OT0,754,493
OT0isl,481,754
OT0islm,489,754
OT01-3,144,754
OT01,458,754
OT02,465,754
OT03,473,754
LSS,549009199,493
LSX,275,477
LS,242,275
LSc,250,242
LSr,258,242
LSv,266,242
SF,310,275
SH,333,275
sAMY,278,477
AAA,23,278
BA,292,278
CEA,536,278
CEAc,544,536
CEAl,551,536
CEAm,559,536
IA,1105,278
MEA,403,278
MEAad,411,403
MEAav,418,403
MEApd,426,403
MEApd-a,472,426
MEApd-b,480,426
MEApd-c,487,426
MEApv,435,403
PAL,803,623
PALd,818,803
GPe,1022,818
GPi,1031,818
PALv,835,803
SI,342,835
MA0,298,835
PALm,826,803
MSC,904,826
MS,564,904
NDB,596,904
TRS,581,826
PALc,809,803
BST,351,809
BSTa,359,351
BSTal,537,359
BSTam,498,359
BSTdm,505,359
BSTfu,513,359
BSTju,546,359
BSTmg,521,359
BSTov,554,359
BSTrh,562,359
BSTv,529,359
BSTp,367,351
BSTd,569,367
BSTpr,578,367
BSTif,585,367
BSTtr,594,367
BSTse,602,367
BAC,287,809
BS,343,8
IB,1129,343
TH,549,1129
DORsm,864,549
VENT,637,864
VAL,629,637
VM,685,637
VP,709,637
VPL,718,709
VPLpc,725,709
VPM,733,709
VPMpc,741,709
SPF,406,864
SPFm,414,406
SPFp,422,406
SPA,609,864
PP,1044,864
GENd,1008,864
MG,475,1008
MGd,1072,475
MGv,1079,475
MGm,1088,475
LGd,170,1008
LGd-sh,496345664,170
LGd-co,496345668,170
LGd-ip,496345672,170
DORpm,856,549
LAT,138,856
LP,218,138
PO0,1020,138
POL,1029,138
SGN,325,138
ATN,239,856
AV,255,239
AM,127,239
AMd,1096,127
AMv,1104,127
AD,64,239
IAM,1120,239
IAD,1113,239
LD,155,239
MED,444,856
IMD,59,444
MD0,362,444
MD0c,617,362
MD0l,626,362
MD0m,636,362
SMT,366,444
PR,1077,444
MTN,571,856
PVT,149,571
PT0,15,571
RE0,181,571
ILM,51,856
RH0,189,51
CM,599,51
PCN,907,51
CL0,575,51
PF,930,51
RT,262,856
GENv,1014,856
IGL,27,1014
LGv,178,1014
LGvl,300,178
LGvm,316,178
SubG,321,1014
EPI,958,856
MH0,483,958
LH,186,958
PIN,953,958
HY,1097,1129
PVZ,157,1097
SO0,390,157
ASO,332,157
ASONC,432,332
PVH,38,157
PVHm,71,38
PVHam,47,71
PVHmm,79,71
PVHpm,103,71
PVHpml,652,103
PVHpmm,660,103
PVHp,94,38
PVHap,55,94
PVHmpd,87,94
PVHpv,110,94
PVa,30,157
PVi,118,157
ARH,223,157
PVR,141,1097
ADP,72,141
AHA,80,141
AVP,263,141
AVPV,272,141
DMH,830,141
DMHa,668,830
DMHp,676,830
DMHv,684,830
MEPO,452,141
MPO,523,141
OV,763,141
PD,914,141
PS,1109,141
PSCH,1124,141
PVp,126,141
PVpo,133,141
SBPV,347,141
SCH,286,141
SFO,338,141
VLPO,689,141
MEZ,467,1097
AHN,88,467
AHNa,700,88
AHNc,708,88
AHNd,716,88
AHNp,724,88
MBO,331,467
LM,210,331
MM,491,331
Mmme,732,491
SUM,525,331
SUMl,1110,525
SUMm,1118,525
TM,557,331
TMd,1126,557
TMv,1,557
MPN,515,467
MPNc,740,515
MPNl,748,515
MPNm,756,515
PMd,980,467
PMv,1004,467
PVHd,63,467
PVHdp,439,63
PVHf,447,63
PVHlp,455,63
PVHmpv,464,63
VMH,693,467
VMHa,761,693
VMHc,769,693
VMHdm,777,693
VMHvl,785,693
PH,946,467
LZ,290,1097
LHA,194,290
LPO,226,290
PST,356,290
PSTN,364,290
RCH,173,290
STN0,470,290
TU0,614,290
ZI,797,290
A13,796,797
FF,804,797
ME,10671,1097
MB,313,343
MBsen,339,313
SCs,302,339
SCsop,851,302
SCssg,842,302
SCszo,834,302
IC,4,339
ICc,811,4
ICd,820,4
ICe,828,4
NB,580,339
SAG,271,339
PBG,874,339
MEV,460,339
MBmot,323,313
SNr,381,323
VTA,749,323
RR,246,323
RNM,128,323
RNMm,539,128
RNMmg,548,128
RNMp,555,128
SCm,294,323
SCmdg,26,294
SCmdw,42,294
SCmiw,17,294
SCmig,10,294
SCmig-a,494,10
SCmig-b,503,10
SCmig-c,511,10
PAG,795,323
PRC,50,795
INC,67,795
ND,587,795
PRT,1100,323
APN,215,1100
MPT,531,1100
NOT,628,1100
NPC,634,1100
OP0,706,1100
PPT,1061,1100
RPF,549009203,1100
InCo,549009207,323
CUN,616,323
RN0,214,323
III,35,323
MA3,549009211,323
EW,975,323
IV,115,323
VTN,757,323
AT,231,323
LT,66,323
DT,75,323
MT,58,323
SNl,615,323
MBsta,348,313
SNc,374,348
PPN,1052,348
RAmb,165,348
IF,12,165
IPN,100,165
RL,197,165
CLI,591,165
DR,872,165
HB,1065,343
P,771,1065
P-sen,1132,771
NLL,612,1132
NLLd,82,612
NLLh,90,612
NLLv,99,612
PSV,7,1132
PB,867,1132
KF,123,867
PBl,881,867
PBlc,860,881
PBld,868,881
PBle,875,881
PBls,883,881
PBlv,891,881
PBm,890,867
PBme,899,890
PBmm,915,890
PBmv,923,890
SOC,398,1132
POR,122,398
SOCm,105,398
SOCl,114,398
P-mot,987,771
B0,280,987
DTN,880,987
LTN,283,987
PCG,898,987
PG,931,987
PRNc,1093,987
PRNv,552,987
SG,318,987
SSN,462,987
SUT,534,987
TRN,574,987
V0,621,987
P5,549009215,987
Acs5,549009219,987
PC5,549009223,987
I5,549009227,987
P-sat,1117,771
CS,679,1117
CSl,137,679
CSm,130,679
LC,147,1117
LDT,162,1117
NI,604,1117
PRNr,146,1117
RPO,238,1117
SLC,350,1117
SLD,358,1117
MY,354,1065
MY-sen,386,354
AP,207,386
CN,607,386
CNlam,112,607
CNspg,560,607
DCO,96,607
VCO,101,607
DCN,720,386
CU,711,720
GR,1039,720
ECU,903,386
NTB,642,386
NTS,651,386
NTSce,659,651
NTSco,666,651
NTSge,674,651
NTSl,682,651
NTSm,691,651
SPVC,429,386
SPVI,437,386
SPVO,445,386
SPVOcdm,77,445
SPVOmdmd,53,445
SPVOmdmv,61,445
SPVOrdm,45,445
SPVOvl,69,445
z,789,386
MY-mot,370,354
VI0,653,370
ACVI,568,370
VII0,661,370
ACVII,576,370
EV,640,370
AMB,135,370
AMBd,939,135
AMBv,143,135
DMX,839,370
ECO,887,370
GRN,1048,370
ICB,372,370
IO,83,370
IRN,136,370
ISN,106,370
LIN,203,370
LRN,235,370
LRNm,955,235
LRNp,963,235
MARN,307,370
MDRN,395,370
MDRNd,1098,395
MDRNv,1107,395
PARN,852,370
PAS,859,370
PGRN,938,370
PGRNd,970,938
PGRNl,978,938
PHY,154,370
NIS,161,154
NR,177,154
PRP,169,154
PMR,995,370
PPY,1069,370
PPYd,185,1069
PPYs,193,1069
VNC,701,370
LAV,209,701
MV,202,701
SPIV,225,701
SUV,217,701
x0,765,370
XII,773,370
y0,781,370
INV,76,370
MY-sat,379,354
RM0,206,379
RPA,230,379
RO,222,379
CB,512,8
CBX,528,512
VERM,645,528
LING,912,645
LINGmo,10707,912
LINGpu,10706,912
LINGgr,10705,912
CENT,920,645
CENT2,976,920
CENT2mo,10710,976
CENT2pu,10709,976
CENT2gr,10708,976
CENT3,984,920
CENT3mo,10713,984
CENT3pu,10712,984
CENT3gr,10711,984
CUL,928,645
CUL4,992,928
CUL4mo,10716,992
CUL4pu,10715,992
CUL4gr,10714,992
CUL5,1001,928
CUL5mo,10719,1001
CUL5pu,10718,1001
CUL5gr,10717,1001
CUL4 5,1091,928
CUL4 5mo,10722,1091
CUL4 5pu,10721,1091
CUL4 5gr,10720,1091
DEC,936,645
DECmo,10725,936
DECpu,10724,936
DECgr,10723,936
FOTU,944,645
FOTUmo,10728,944
FOTUpu,10727,944
FOTUgr,10726,944
PYR,951,645
PYRmo,10731,951
PYRpu,10730,951
PYRgr,10729,951
UVU,957,645
UVUmo,10734,957
UVUpu,10733,957
UVUgr,10732,957
NOD,968,645
NODmo,10737,968
NODpu,10736,968
NODgr,10735,968
HEM,1073,528
SIM,1007,1073
SIMmo,10674,1007
SIMpu,10673,1007
SIMgr,10672,1007
AN,1017,1073
ANcr1,1056,1017
ANcr1mo,10677,1056
ANcr1pu,10676,1056
ANcr1gr,10675,1056
ANcr2,1064,1017
ANcr2mo,10680,1064
ANcr2pu,10679,1064
ANcr2gr,10678,1064
PRM,1025,1073
PRMmo,10683,1025
PRMpu,10682,1025
PRMgr,10681,1025
COPY,1033,1073
COPYmo,10686,1033
COPYpu,10685,1033
COPYgr,10684,1033
PFL,1041,1073
PFLmo,10689,1041
PFLpu,10688,1041
PFLgr,10687,1041
FL,1049,1073
FLmo,10692,1049
FLpu,10691,1049
FLgr,10690,1049
CBXmo,1144,528
CBXpu,1145,528
CBXgr,1143,528
CBN,519,512
FN,989,519
IP,91,519
DN,846,519
fiber tracts,1009,997
cm,967,1009
tn,885,967
von,949,967
In,840,967
onl,1016,840
lotg,21,840
lot,665,21
lotd,538,21
aolt,459,21
aco,900,840
IIn,848,967
aot,876,848
bsc,916,848
csc,336,848
och,117,848
opt,125,848
ttp,357,848
IIIn,832,967
mlf,62,832
pc,158,832
IVn,911,967
IVd,384,911
VIn,710,967
Vn,901,967
moV,93,901
sV,229,901
mtV,705,229
sptV,794,229
VIIn,798,967
iVIIn,1131,798
gVIIn,1116,798
VIIIn,933,967
cvb,1076,933
vVIIIn,413,933
cVIIIn,948,933
tb,841,948
ias,641,948
das,506,948
ll,658,948
cic,633,948
bic,482,948
IXn,808,967
Xn,917,967
ts,237,917
XIn,717,967
XIIn,813,967
vrt,925,967
drt,792,967
cett,932,792
dl,570,932
dcm,522,932
vc,858,932
fpr,586,932
dc,514,932
cuf,380,514
grf,388,514
iaf,396,514
ml,697,932
sst,871,967
sttl,29,871
sttv,389,871
scrt,245,871
sop,261,871
srp,270,871
svp,293,871
stp,277,871
shp,253,871
step,285,871
hht,627,285
cbf,960,1009
cbc,744,960
cbp,752,960
scp,326,752
dscp,812,326
sct,85,812
uf,850,326
sctv,866,326
mcp,78,752
icp,1123,752
sctd,553,1123
cct,499,1123
jrb,650,1123
bct,490,1123
oct,404,490
rct,410,490
tct,373,752
arb,728,960
scwm,484682512,1009
lfbs,983,1009
cc,776,983
fa,956,776
ec,579,956
ee,964,776
ccg,1108,776
fp,971,776
ccr,979,776
ccb,484682516,776
ccs,986,776
cst,784,983
int,6,784
cpd,924,784
cte,1036,784
crt,1012,784
cpt,1003,784
cbt,994,784
py,190,784
pyd,198,784
cstc,1019,784
cstu,1028,784
lfbst,896,983
em,1092,896
im,14,896
mtc,86,896
tp,365,896
or,484682520,896
ar,484682524,896
eps,1000,1009
epsc,760,1000
pap,142,760
nst,102,760
ntt,109,760
ptf,134,760
snp,309,760
stf,317,760
tsp,877,1000
tspd,1051,877
dtd,1060,877
tspc,1043,877
rust,863,1000
vtd,397,863
rrt,221,863
ctb,736,1000
rst,855,1000
rstl,205,855
rstm,213,855
vsp,941,1000
mfbs,991,1009
mfbc,768,991
amc,884,768
apd,892,768
act,908,768
cing,940,768
fxs,1099,768
alv,466,1099
df,530,1099
fi,603,1099
fxprg,745,1099
db,420,745
fxpo,737,1099
mct,428,737
fx,436,737
hc,618,1099
dhc,443,618
vhc,449,618
per,713,1099
ab,474,1099
lab,37,768
st,301,768
stc,484682528,301
mfsbshy,824,991
mfb,54,824
vlt,405,824
poc,174,824
sup,349,824
supa,817,349
supd,825,349
supv,833,349
pmx,166,824
smd,341,824
php,182,824
phpd,762,182
phpl,770,182
phpm,779,182
phpv,787,182
pvbh,150,824
mfbsma,46,824
pm,753,46
mtt,690,46
mtg,681,46
mp,673,46
mfbst,1068,824
pvbt,722,1068
mfbse,1083,824
sm,802,1083
fr,595,1083
hbc,611,1083
PIS,730,1083
mfbsm,70,824
dlf,547,70
dtt,563,70
VS,73,997
VL,81,73
RC,89,81
SEZ,98,81
chpl,108,81
chfl,116,81
IVF,124,73
V3,129,73
AQ,140,73
V4,145,73
V4r,153,145
c,164,73
grv,1024,997
grv of CTX,1032,1024
eg,1055,1032
hf,1063,1032
rf,1071,1032
ri,1078,1032
grv of CBX,1040,1024
pce,1087,1040
pcf,1095,1040
pri,1103,1040
psf,1112,1040
ppf,1119,1040
sec,3,1040
plf,11,1040
nf,18,1040
sif,25,1040
icf,34,1040
apf,43,1040
ipf,49,1040
pms,57,1040
pfs,65,1040
IPF,624,1024
retina,304325711,997
